miRNA,PEAT_SM1-24hr_mouse_plasma_CAAAAG_S4_L002,PEAT_SM2-24hr_mouse_plasma_CAACTA_S5_L002,SALINE_SM2-24hr_mouse_plasma_CACTCA_S11_L002,PEAT_SM3-24hr_mouse_plasma_CACCGG_S6_L002,SALINE_SM3-24hr_mouse_plasma_CAGGCG_S12_L002,RED_OAK_SM2-24hr_mouse_plasma_ATGAGC_S8_L002,SALINE_SM1-24hr_mouse_plasma_CACGAT_S10_L002,RED_OAK_SM1-24hr_mouse_plasma_ACTGAT_S7_L002,RED_OAK_SM3-24hr_mouse_plasma_ATTCCT_S9_L002
mmu-mir-6979_mature,0,0,0,0,0,0,0,0,26
mmu-mir-192_mature,10048,6865,2436,1115,1847,1304,4,2416,2777
mmu-mir-7648_mature,0,0,0,1,0,0,0,0,0
mmu-mir-380_mature,0,0,0,0,0,0,0,1,0
mmu-mir-296_mature,313,645,29,78,1,0,0,93,128
mmu-mir-582_mature,122,0,107,139,167,0,0,100,0
mmu-mir-8118_mature,0,0,0,0,0,0,0,75,0
mmu-mir-350_mature,0,0,75,0,0,0,0,99,0
mmu-let-7g_mature,30474,79938,23858,11852,7471,13694,3755,18743,27149
mmu-mir-451b_mature,0,0,0,0,0,0,0,0,0
mmu-mir-10b_mature,5407,8701,2715,3882,2317,138,692,1,9878
mmu-let-7i_mature,7376,23498,8807,1620,1280,3789,85,5405,6675
mmu-mir-411_mature,3,1,1,1,1,1,1,1,61
mmu-mir-132_mature,2,1,101,1,0,0,0,0,136
mmu-mir-7b_mature,0,0,0,0,0,0,0,0,0
mmu-mir-135b_mature,0,0,0,0,0,0,0,1,0
mmu-mir-188_mature,0,0,0,0,0,0,0,0,0
mmu-mir-24-2_mature,524,1552,872,419,157,686,643,118,728
mmu-mir-483_mature,560,307,125,40,0,152,0,1,0
mmu-mir-218-2_mature,0,1,24,0,0,1,0,0,0
mmu-mir-98_mature,967,2708,1600,152,195,276,1,133,1147
mmu-mir-148b_mature,1329,2357,1369,526,348,481,67,755,1084
mmu-mir-16-2_mature,9204,374,141,3880,2596,147,1101,6825,5943
mmu-mir-31_mature,0,2,1,1,1,0,1,0,342
mmu-mir-324_mature,0,1,0,0,0,0,0,0,0
mmu-let-7c-2_mature,7470,17142,4393,4979,2125,2402,707,4203,6275
mmu-mir-22_mature,2,158,2243,101,1,68,228,2523,1
mmu-mir-410_mature,1,1,1,0,0,0,1,2,1
mmu-mir-450b_mature,0,0,216,0,0,161,0,196,0
mmu-mir-181c_mature,0,0,56,112,115,1,0,0,0
mmu-mir-450a-2_mature,0,0,0,0,1,35,0,0,0
mmu-mir-3066_mature,0,0,48,0,0,0,0,0,0
mmu-mir-1a-1_mature,4779,6658,1995,7111,2662,423,961,1013,10527
mmu-mir-7119_mature,0,0,5,0,0,0,0,0,0
mmu-mir-6957_mature,0,0,0,0,0,52,0,0,0
mmu-mir-186_mature,5397,18954,5965,2827,1854,2179,1007,3092,5930
mmu-mir-377_mature,0,0,0,0,0,0,1,0,1
mmu-mir-29c_mature,1,61,1,79,0,1,98,1,39
mmu-mir-455_mature,11,0,54,55,0,0,0,341,71
mmu-mir-381_mature,0,1,0,0,1,0,2,0,1
mmu-mir-7115_mature,0,0,0,0,0,0,0,0,78
mmu-mir-495_mature,3,73,54,2,3,3,3,4,1
mmu-mir-182_mature,185,627,82,55,229,213,0,191,446
mmu-mir-29b-1_mature,395,953,126,38,26,95,2,461,488
mmu-mir-129-2_mature,0,0,1,0,0,1,0,0,0
mmu-mir-361_mature,4,1,1,2,1,3,2,79,290
mmu-mir-9-3_mature,0,0,0,27,0,38,0,42,0
mmu-mir-216b_mature,2,0,1,0,0,0,1,0,0
mmu-mir-702_mature,0,0,0,0,0,0,0,128,0
mmu-mir-5126_mature,196,1,75,0,80,0,0,0,123
mmu-mir-27a_mature,0,0,0,0,0,0,211,0,0
mmu-mir-494_mature,8,132,95,8,4,9,4,11,4
mmu-mir-135a-1_mature,0,0,0,0,0,0,0,24,0
mmu-mir-144_mature,1396,983,793,407,146,498,152,510,384
mmu-mir-30c-1_mature,1,10479,3001,3125,1474,2667,648,3243,2678
mmu-mir-181b-2_mature,107,3,127,33,2,92,86,85,199
mmu-mir-674_mature,222,963,15,395,171,1115,150,617,157
mmu-mir-1249_mature,0,429,0,465,72,56,49,0,19
mmu-mir-25_mature,195,13546,7677,1700,751,1,789,4103,4110
mmu-mir-6236_mature,0,0,0,0,0,0,9,0,0
mmu-mir-34a_mature,0,0,0,0,0,0,0,0,0
mmu-mir-379_mature,197,7,4,1,1,69,4,4,4
mmu-mir-29b-2_mature,414,1022,125,38,27,88,0,480,454
mmu-mir-134_mature,1,2,0,0,0,2,0,0,1
mmu-mir-338_mature,0,145,38,1,0,2,0,1,0
mmu-mir-130a_mature,0,1,53,0,0,138,0,145,443
mmu-mir-3103_mature,0,161,0,69,0,0,0,0,0
mmu-mir-301a_mature,0,0,1,0,0,0,0,0,157
mmu-mir-151_mature,480,401,122,262,1177,534,9,684,264
mmu-mir-3473h_mature,0,0,0,0,0,121,0,0,0
mmu-mir-378d_mature,1,0,0,1,0,0,0,0,0
mmu-mir-935_mature,0,1,0,0,0,0,0,2,0
mmu-mir-378b_mature,0,1,0,0,0,0,42,0,0
mmu-mir-328_mature,8357,16751,7668,6761,1685,7252,832,5794,10404
mmu-mir-30b_mature,780,2285,691,583,76,644,2,762,789
mmu-mir-8114_mature,119,2230,432,0,339,55,289,62,286
mmu-mir-137_mature,0,0,0,0,0,0,0,0,0
mmu-mir-196b_mature,0,0,0,0,0,0,1,2,0
mmu-mir-3074-2_mature,0,69,0,0,0,0,94,0,0
mmu-mir-196a-1_mature,0,0,0,90,0,0,0,0,0
mmu-mir-484_mature,5298,9742,5336,4615,658,2593,86,4962,5325
mmu-mir-15a_mature,1102,1651,986,284,246,117,128,414,1085
mmu-mir-5112_mature,0,0,0,0,0,0,0,52,0
mmu-mir-500_mature,0,0,183,0,0,0,0,0,0
mmu-mir-143_mature,5515,4424,1260,1914,1747,2062,658,999,4674
mmu-mir-329_mature,64,0,87,0,0,1,0,0,0
mmu-mir-375_mature,0,0,0,1,120,84,0,118,262
mmu-mir-219a-1_mature,0,0,0,0,0,0,0,0,96
mmu-mir-101b_mature,11096,8147,5409,1840,1509,2068,1079,4027,4645
mmu-mir-125b-2_mature,1690,5420,86,3066,985,950,893,839,1636
mmu-mir-26a-1_mature,3352,4623,1359,1986,1345,2521,803,2071,2997
mmu-mir-411_precursor,0,0,0,0,0,0,0,0,30
mmu-mir-128-1_mature,4531,7741,3467,807,1242,5286,412,6006,11209
mmu-mir-3964_mature,0,1,0,0,0,0,0,0,3
mmu-mir-7063_mature,0,0,0,0,0,14,0,0,0
mmu-mir-451a_mature,261131,334327,239004,84951,39041,59497,18080,118342,135529
mmu-mir-466d_mature,0,0,0,0,0,0,0,57,143
mmu-mir-362_mature,0,0,0,0,0,0,0,0,1
mmu-mir-330_mature,349,1,7,108,270,52,0,307,89
mmu-mir-331_mature,0,0,2,0,0,0,0,0,1
mmu-mir-5615-1_mature,0,105,0,0,0,0,0,0,0
mmu-mir-185_mature,1032,3981,1541,647,1111,1223,383,1239,2381
mmu-mir-23b_mature,87,0,0,0,0,0,125,0,0
mmu-mir-300_mature,0,159,0,0,1,0,0,0,85
mmu-mir-511_mature,0,0,0,0,0,0,0,0,85
mmu-mir-122_mature,2042,298,1,200,466,183,923,4855,301
mmu-mir-125a_mature,2,311,1945,1,598,1940,478,1873,1
mmu-mir-370_mature,2,4,2,3,3,2,1,2,1
mmu-mir-202_mature,1,0,56,0,0,140,2,171,208
mmu-mir-6948_mature,0,0,54,0,0,0,0,0,0
mmu-mir-33_precursor,0,0,0,0,0,0,0,0,0
mmu-mir-194-2_mature,786,987,386,317,76,135,0,134,209
mmu-mir-3102_mature,0,0,0,0,0,0,0,69,0
mmu-mir-215_mature,5065,10586,135,110,888,171,92,525,1
mmu-mir-434_mature,314,906,297,959,0,0,0,229,330
mmu-let-7a-1_mature,6419,13983,4991,4226,1952,2850,704,3288,7258
mmu-mir-493_mature,2,1,4,8,3,2,7,3,9
mmu-mir-452_mature,2,5,1,1,2,3,0,1,3
mmu-mir-5100_mature,0,0,0,0,0,0,0,0,137
mmu-mir-92a-1_mature,46042,51040,50355,20706,7018,25574,5001,30275,30497
mmu-mir-499_mature,0,163,0,69,0,0,0,0,483
mmu-mir-223_mature,428,11,67,69,340,1091,2,2377,178
mmu-mir-218-1_mature,1,0,39,0,0,0,2,0,0
mmu-mir-195a_mature,1,853,78,261,0,70,0,0,0
mmu-mir-1964_mature,2,414,91,34,0,0,0,0,0
mmu-let-7d_mature,4923,16480,7594,3285,2764,4300,498,6105,5626
mmu-mir-196a-2_mature,0,0,0,91,0,0,0,0,0
mmu-mir-664_mature,565,112,162,143,190,136,1,222,0
mmu-mir-92a-2_mature,6117,16976,9017,3663,2248,2884,857,4116,4917
mmu-mir-543_mature,212,6,4,4,5,7,0,533,115
mmu-mir-1943_mature,0,0,0,0,0,0,0,132,0
mmu-mir-138-1_mature,0,0,1,0,0,0,0,0,0
mmu-mir-339_mature,1,175,44,38,0,146,34,150,270
mmu-mir-3535_mature,0,1,1,2,2,1,1,1,2
mmu-mir-744_mature,84,939,66,1,0,335,0,0,11
mmu-mir-193b_mature,0,0,60,0,0,0,0,0,1
mmu-mir-1982_mature,170,0,0,0,0,0,0,0,0
mmu-mir-199a-1_mature,0,0,0,70,0,0,0,0,108
mmu-mir-542_mature,0,369,0,61,101,0,1,50,0
mmu-mir-34c_mature,0,0,0,0,134,0,0,0,0
mmu-mir-204_mature,0,0,110,0,1,0,0,0,0
mmu-mir-541_mature,182,1,90,147,217,0,0,0,189
mmu-mir-208a_mature,116,0,0,81,0,0,0,0,0
mmu-let-7f-2_mature,6663,12220,4548,4934,2603,2768,1392,4764,5694
mmu-mir-24-1_mature,1694,4516,1735,808,516,2204,588,1517,2541
mmu-mir-7043_mature,0,0,0,92,0,0,0,0,0
mmu-mir-874_mature,0,0,0,0,0,1,3,0,0
mmu-mir-7658_mature,0,0,56,0,0,217,0,0,0
mmu-mir-10a_mature,7757,22514,67,4207,2365,4293,1158,6684,7292
mmu-mir-409_mature,2,222,1,1,11,4,10,13,10
mmu-mir-140_mature,6729,319,7281,1692,3063,36,1249,3835,21
mmu-mir-127_mature,1,5,118,1,2,1,2,1,1
mmu-mir-369_mature,4,8,1,9,1,3,4,1,56
mmu-mir-21a_mature,46889,91012,33509,12895,17430,47609,5436,47926,59683
mmu-mir-150_mature,1552,6637,925,1047,672,2035,721,2155,1967
mmu-mir-431_mature,0,0,0,0,0,0,0,0,0
mmu-mir-6951_mature,0,0,0,187,0,0,0,0,0
mmu-mir-342_mature,601,409,669,72,247,498,0,1,1273
mmu-mir-17_mature,1,345,825,497,1,330,2,781,643
mmu-mir-214_mature,221,848,212,0,12,387,0,406,746
mmu-mir-335_mature,276,615,651,799,1,2,149,606,145
mmu-mir-221_mature,4,1,332,1,32,1,1,112,894
mmu-mir-30c-2_mature,4293,10317,2965,3231,1,2558,685,3247,2694
mmu-mir-3535_unannotated,1,2,2,0,0,1,0,0,0
mmu-mir-6967-2_mature,2,132,32,0,0,0,0,0,63
mmu-mir-203b_mature,0,0,126,0,0,0,0,0,0
mmu-mir-16-1_mature,124,26753,12317,4039,2472,2939,1134,7050,5966
mmu-mir-6946_mature,0,0,10,59,0,0,0,0,0
mmu-mir-146a_mature,828,4234,875,444,662,1282,0,417,2214
mmu-mir-351_mature,1,658,141,193,125,68,59,203,127
mmu-mir-486b_mature,0,1,0,1,0,0,0,0,0
mmu-mir-224_mature,457,2,78,79,0,2,0,169,335
mmu-mir-1934_mature,0,238,0,0,0,149,0,1,0
mmu-mir-1955_mature,1,474,0,0,0,0,0,1,0
mmu-mir-128-2_mature,2497,4694,2222,514,991,3156,222,3915,5113
mmu-mir-101a_mature,4589,10466,4958,3258,966,2252,663,3563,4427
mmu-mir-669c_mature,0,0,0,0,0,0,0,0,192
mmu-mir-3057_mature,0,0,0,0,0,0,0,123,0
mmu-mir-3074-1_mature,0,78,0,0,0,0,104,0,0
mmu-mir-539_mature,1,0,0,0,0,0,0,0,0
mmu-mir-8112_mature,0,0,88,0,0,0,0,72,70
mmu-mir-222_mature,371,32,95,15,19,79,21,1,32
mmu-mir-872_mature,0,3,102,0,274,0,0,1,0
mmu-mir-5108_mature,0,0,0,43,0,0,78,55,0
mmu-mir-497a_mature,0,1,0,0,0,0,0,0,80
mmu-mir-135a-2_mature,0,0,0,0,0,0,0,20,0
mmu-mir-183_mature,1,372,140,281,44,0,6,481,56
mmu-mir-146b_mature,674,511,269,57,277,335,2,299,516
mmu-mir-148a_mature,14027,7184,5005,90,894,3510,285,5457,3273
mmu-mir-466n_mature,0,0,0,144,0,0,0,0,0
mmu-mir-323_mature,4,1,8,6,7,6,9,9,8
mmu-mir-145a_mature,115,382,1,71,0,1,170,0,165
mmu-mir-29a_mature,8587,19380,5227,3648,3801,5845,807,6102,7871
mmu-mir-671_mature,7,1,89,2,0,1,0,53,1
mmu-mir-19b-1_mature,68,116,82,124,0,124,1,134,66
mmu-mir-1968_mature,0,0,119,0,0,0,0,0,0
mmu-mir-299a_mature,1,0,0,0,0,0,1,0,0
mmu-mir-503_mature,165,538,359,156,445,283,0,475,705
mmu-mir-1927_unannotated,0,0,0,0,0,275,0,0,0
mmu-mir-6942_mature,0,0,0,0,0,0,0,31,0
mmu-mir-216a_mature,0,0,0,1,0,0,0,0,0
mmu-mir-466g_mature,0,0,0,0,0,0,0,0,68
mmu-mir-7011_mature,111,0,0,0,0,0,0,0,0
mmu-mir-142a_mature,8460,22746,6721,170,2559,279,396,180,7132
mmu-mir-1903_mature,0,0,0,0,0,1,0,0,0
mmu-mir-429_mature,0,0,0,0,2,0,0,0,0
mmu-mir-532_mature,1,738,119,102,0,10,5,255,12
mmu-mir-106b_mature,4368,6690,1812,1082,316,706,151,946,1793
mmu-mir-28a_mature,44,1,15,1,3,2,3,1,125
mmu-mir-3068_mature,316,448,28,4,31,58,0,3,388
mmu-mir-8114_unannotated,0,0,0,94,0,0,0,0,0
mmu-mir-203_mature,159,1061,373,309,433,408,194,1400,1044
mmu-mir-592_mature,0,0,168,0,0,0,0,0,0
mmu-mir-9-1_mature,0,0,1,28,0,1,0,59,0
mmu-mir-322_mature,1598,1965,63,1,102,143,134,656,1155
mmu-mir-425_mature,1005,6031,153,1023,913,61,4,72,2654
mmu-mir-26a-2_mature,3002,4654,1361,2140,1332,2479,762,2137,2923
mmu-mir-486a_mature,0,7125,0,1680,217,1029,94,0,0
mmu-mir-1981_mature,1,0,57,0,112,0,0,0,88
mmu-mir-652_mature,273,1003,281,57,208,465,82,0,95
mmu-mir-672_mature,0,0,50,0,0,165,0,0,122
mmu-mir-191_mature,35270,94662,23,18160,12273,78,3845,33852,43834
mmu-mir-205_mature,1,603,203,155,147,534,0,153,290
mmu-let-7f-1_mature,6460,12455,4397,4552,2562,2836,1200,4770,5437
mmu-mir-103-2_mature,0,0,0,0,0,0,139,0,0
mmu-mir-32_mature,23,0,57,0,0,71,0,69,32
mmu-mir-133a-1_mature,254,135,155,788,0,45,77,0,606
mmu-mir-8108_unannotated,0,0,0,0,0,0,0,0,61
mmu-mir-199a-2_mature,0,0,0,60,0,0,0,0,87
mmu-mir-6236_unannotated,1009,3052,521,4541,1041,1838,1260,1683,1928
mmu-mir-485_mature,2,2,1,45,1,2,2,5,2
mmu-mir-466o_mature,0,0,0,0,0,0,0,73,0
mmu-mir-136_mature,0,0,0,0,0,0,0,0,38
mmu-mir-99a_mature,5645,11193,3430,2633,1279,1423,442,1467,3013
mmu-mir-374b_mature,143,533,192,323,0,285,0,71,139
mmu-mir-199b_mature,0,5,0,0,0,82,0,0,0
mmu-mir-129-1_mature,0,0,0,0,0,0,0,0,0
mmu-mir-181a-1_mature,459,171,1,197,237,449,51,1014,563
mmu-mir-139_mature,1051,1218,44,43,2,75,42,216,248
mmu-let-7a-2_mature,6325,13532,4948,4446,2060,1,745,3292,1
mmu-mir-365-2_mature,1,41,28,1,1,57,0,55,49
mmu-mir-365-1_mature,164,35,25,0,0,0,0,62,50
mmu-mir-326_mature,0,0,0,0,44,152,0,0,189
mmu-mir-1306_mature,1124,1684,882,132,209,318,1,94,1162
mmu-mir-5114_mature,0,0,63,0,0,0,0,210,0
mmu-mir-337_mature,0,0,58,0,1,0,2,1,0
mmu-mir-92b_mature,8,686,5,5,4,6,2,84,4
mmu-mir-9-2_mature,1,0,0,24,0,47,0,57,0
mmu-mir-152_mature,258,196,190,2,0,602,0,167,140
mmu-mir-6904_mature,1,546,0,0,0,0,0,0,0
mmu-mir-7048_mature,0,0,46,0,0,0,0,0,0
mmu-mir-802_mature,42,0,46,0,266,45,0,260,86
mmu-mir-450a-1_mature,1,0,0,0,0,42,1,0,0
mmu-mir-125b-1_mature,1652,5382,2366,3011,1017,916,81,1,1
mmu-mir-93_mature,1,173,198,4372,1,37,115,171,7180
mmu-mir-126a_mature,101,11,141,2,5,151,8,119,194
mmu-mir-30a_mature,3181,692,370,714,251,466,182,84,207
mmu-mir-6999_mature,0,0,0,0,0,93,0,0,0
mmu-mir-103-2_precursor,0,1,0,0,0,0,0,0,0
mmu-mir-154_mature,0,2,0,0,0,0,1,0,1
mmu-mir-15b_mature,256,5,53,155,1922,567,302,195,208
mmu-mir-1843a_mature,0,0,67,0,0,115,0,13,0
mmu-mir-19b-2_mature,84,126,90,123,0,122,0,113,58
mmu-mir-5113_mature,82,1169,228,217,38,309,318,42,189
mmu-mir-7653_mature,0,0,69,0,0,0,0,0,0
mmu-mir-298_mature,219,0,0,174,0,42,128,0,50
mmu-mir-6932_mature,0,0,0,0,0,0,186,0,0
mmu-mir-103-1_mature,0,0,0,233,0,0,149,0,0
mmu-mir-6967-1_mature,0,141,34,0,0,0,0,0,74
mmu-let-7b_mature,8275,2,117,119,2422,3752,1046,9209,2
mmu-mir-654_mature,0,7,0,1,1,4,2,2,5
mmu-mir-5615-2_mature,1,97,0,0,0,0,0,0,0
mmu-mir-5119_mature,0,0,0,10,0,0,42,0,0
mmu-mir-149_mature,1,0,0,27,0,0,0,0,1
mmu-mir-1231_mature,0,0,0,0,0,65,0,0,0
mmu-mir-30d_mature,3823,8119,4148,4225,3594,4811,1488,3953,4075
mmu-mir-1839_mature,2851,6448,132,88,426,741,349,1969,984
mmu-mir-181b-1_mature,104,2,102,25,0,104,85,106,20
mmu-let-7a-1_stemloop,0,0,0,0,0,0,0,0,0
mmu-mir-184_mature,0,0,30,0,0,0,40,0,0
mmu-mir-3572_mature,0,0,70,0,0,0,0,0,0
mmu-mir-501_mature,161,1418,172,0,216,375,1,118,73
mmu-mir-194-1_mature,501,650,285,150,68,113,0,16,103
mmu-mir-700_mature,0,0,0,0,0,0,0,66,0
mmu-mir-181a-2_mature,473,178,428,182,226,477,41,1016,556
mmu-mir-5124a_mature,1,0,1,0,0,0,0,0,0
mmu-mir-6538_mature,11,465,0,43,0,0,0,102,452
mmu-mir-451a_stemloop,240,564,388,275,0,0,0,334,138
mmu-mir-1843b_mature,213,0,0,0,27,43,0,0,0
mmu-mir-200c_mature,3,159,95,69,113,37,1,2,26
mmu-mir-33_mature,0,0,0,0,103,0,0,0,0
mmu-mir-19a_mature,1,368,27,242,0,173,1,308,155
mmu-mir-133a-2_mature,298,130,131,751,1,39,115,0,656
mmu-mir-155_mature,0,202,63,0,0,0,0,16,0
mmu-mir-1b_mature,0,0,0,0,0,0,0,7,0
mmu-mir-378a_mature,0,0,0,0,467,0,0,0,0
mmu-mir-423_mature,945,1862,1277,1067,262,1167,101,1036,1303
mmu-mir-1197_mature,0,0,1,0,0,0,1,0,0
mmu-mir-363_mature,258,0,0,0,0,0,0,0,0
mmu-mir-676_mature,1,436,133,46,0,0,0,0,9
mmu-mir-615_mature,0,0,0,0,0,0,0,0,0
mmu-mir-7a-2_mature,1216,2731,896,504,396,484,208,935,1
mmu-mir-487b_mature,11,4,7,87,3,0,1,6,7
mmu-mir-421_mature,423,267,128,123,221,194,0,457,434
mmu-mir-433_mature,1,2,1,1,1,1,0,2,4
mmu-mir-12178_mature,0,0,0,0,165,0,0,0,0
mmu-mir-20a_mature,1565,4179,3465,851,132,2040,52,1480,2500
mmu-mir-5110_mature,279,0,0,0,0,0,0,31,0
mmu-mir-206_mature,1,0,0,0,0,0,0,108,0
mmu-mir-26b_mature,2415,5267,3254,2173,901,1692,284,3677,2732
mmu-mir-130b_mature,242,2,4,2,1,47,1,241,49
mmu-mir-6240_mature,0,355,20,231,0,1,0,0,0
mmu-mir-18a_mature,2,234,82,130,1,367,2,369,27
mmu-let-7e_mature,13,17,163,205,9,500,9,1,589
mmu-mir-1983_mature,180,119,256,106,0,50,0,0,0
mmu-mir-6988_mature,0,2,0,0,0,0,0,0,0
mmu-mir-100_mature,1656,3383,842,2066,832,673,329,853,889
mmu-mir-340_mature,2656,4567,26,598,1,159,222,1554,1
mmu-mir-16-1_stemloop,0,0,0,0,0,0,0,0,56
mmu-mir-27b_mature,0,0,0,0,0,0,36,0,0
mmu-mir-21c_mature,0,0,1,0,0,0,0,0,0
mmu-mir-382_mature,3,7,2,78,2,1,1,3,3
mmu-mir-1a-2_mature,4782,6800,2015,7072,2742,406,920,1108,10511
mmu-mir-141_mature,0,1,0,0,0,0,0,0,0
mmu-mir-877_mature,0,54,96,145,0,0,0,0,0
mmu-mir-200a_mature,0,1,1,0,0,0,0,127,0
mmu-mir-7a-1_mature,1214,124,886,536,1,112,186,861,1073
mmu-mir-200b_mature,306,613,0,44,0,27,76,650,160
mmu-mir-1961_unannotated,0,0,13,0,0,0,0,5,0
mmu-mir-320_mature,17234,30165,15878,7290,1431,6856,2581,9829,11932
mmu-mir-574_mature,997,1339,844,477,419,1331,17,885,1067
mmu-let-7c-1_mature,7317,16848,4544,4964,2233,2388,703,4359,6474
mmu-mir-5107_mature,0,0,122,0,0,0,0,0,0
mmu-mir-99b_mature,847,2,881,875,1,142,2,140,1273
mmu-mir-210_mature,0,0,0,0,240,78,0,0,0
mmu-mir-3569_mature,0,0,0,0,0,0,0,1,0
mmu-mir-193a_mature,75,0,0,0,0,0,0,0,0
mmu-mir-23a_mature,0,0,0,156,89,0,3352,0,0
mmu-mir-20b_mature,123,0,0,0,0,0,0,0,0
mmu-mir-770_mature,309,0,0,0,1,0,0,0,0
mmu-mir-30e_mature,1075,2112,170,194,87,92,236,194,153
mmu-mir-181d_mature,0,0,77,0,0,0,0,107,159
mmu-mir-3060_mature,0,1,0,0,0,0,0,0,0
mmu-mir-505_mature,0,35,92,0,0,141,46,0,0
mmu-mir-758_mature,0,0,0,0,0,0,0,0,0
mmu-mir-1198_mature,27,482,370,79,0,105,0,94,348
mmu-mir-7052_mature,0,0,0,152,0,0,0,91,0
mmu-mir-7036b_mature,0,0,0,0,0,0,0,88,0